PPID,Finished,ConsentAgree,EDDRespect_HowOften,EDDBetter_HowOften,EDDDishonest_HowOften,EDDThreatened_HowOften,EDDNotSmart_HowOften,EDDRespect_MainReason,EDDBetter_MainReason,EDDDishonest_MainReason,EDDThreatened_MainReason,EDDNotSmart_MainReason,MEIM1,MEIM2,MEIM3,MEIM4,MEIM5,MEIM6,MEIM7,MEIM8,DEUnivPractices,DECelebrateRace,DEDownplayRace,DEAdaptMainstream,Colorblind1,Colorblind2,Colorblind3,Colorblind4,Colorblind5,Colorblind6,Colorblind7,Colorblind8,Colorblind9,FeelGroupProj,PreferGroup,ClassYear,ClassYearOther,School,Age,Gender,Race,RaceMultiList,RaceOtherList,Extracurricular,ExtracurricularAthletics,ExtracurricularGreek,ExtracurricularVolunteer,ExtracurricularStudentGov,ExtracurricularAcademic,ExtracurricularArt,ExtracurricularMulticultural,ExtracurricularOther,Major,MajorOther,Live,NativeEnglish,BilingualOtherLang,NativeLang,HSName,HSCity,HSStateCountry,Native,AsianPI,Black,Latino,MiddleEastern,White,PreferNotToSay,Multi,MultiDescribe,Other,OtherDescribe,X,Minority,RaceSimp,IntersectSimp,Intersect,Identity
10,1,1,4,5,3,0,5,9,7,7,1,7,3,3,2,2,3,3,2,2,4,4,2,2,4,5,4,5,4,4,4,4,4,4,3,4,,CC,5,M,"1,7",,,"1,2,6",Varsity,,,,,,,,Other,Visual Arts,CUDorm,MonoEnglish,,,Sherwood High School,Sherwood ,Oregon,0,0,0,0,0,0,0,1,,0,,0,Minority,Multi,NonInter,Singly,MinorityMale
73,1,1,2,2,1,0,1,2,2,9,1,2,3,3,3,3,3,2,2,3,4,4,2,3,4,4,3,4,3,3,4,3,3,4,3,2,,GS,6,F,2,,,6,,,,,,,,,Psych,,MornHeights,NonNativeEnglish,,,TCIS,Seoul,South Korea,0,1,0,0,0,0,0,0,,0,,0,Minority,Asian,Inter,Inter,Inter
15,1,1,0,0,0,0,0,1,1,1,1,1,2,2,3,2,3,2,1,2,5,5,1,1,5,3,2,2,1,1,4,2,4,1,1,4,,BC,4,M,7,,,9,,,,,,,,,Other,Chemistry,CUDorm,MonoEnglish,,,Winchester High School,Winchester ,Massachusetts,0,0,0,0,0,1,0,0,,0,,0,White,White,NonInter,None,None
27,1,1,1,2,0,0,0,1,1,1,1,1,4,4,4,4,3,3,3,4,4,4,2,4,4,4,4,3,4,3,4,4,2,2,2,1,,BC,2,F,7,,,3,,,peace by peace,,,,,,Psych,,CUDorm,MonoEnglish,,,David Posnack,Davie,Florida,0,0,0,0,0,1,0,0,,0,,0,White,White,NonInter,Singly,WhiteFemale
132,1,1,3,4,0,0,0,9,8,1,1,1,3,4,4,2,4,3,1,1,3,5,2,1,5,3,3,3,2,2,3,2,3,1,1,4,,SEAS,4,M,"4,7",,,8,,,,,,,,Research in CS,Other,Computer Science,CUDorm,BiEnglish,Spanish,,Marian High School,Framinham,MA,0,0,0,0,0,0,0,1,,0,,0,Minority,Multi,NonInter,Singly,MinorityMale
42,1,1,2,3,0,0,1,5,1,1,1,1,2,3,3,2,2,2,1,2,5,5,1,1,5,5,5,3,1,3,4,3,3,3,1,3,,BC,4,F,7,,,"1,5,6",Club,,,,,,,,Other,Architecture,CUDorm,MonoEnglish,,,Casco Bay,Portland,ME,0,0,0,0,0,1,0,0,,0,,0,White,White,NonInter,Singly,WhiteFemale
71,1,1,1,2,0,0,2,2,8,1,1,8,3,3,3,3,3,2,2,2,4,4,3,2,4,4,2,4,3,2,3,3,3,2,2,7,3rd (senior),BC,4,F,2,,,6,,,,,,"Orchestra, Chorus",,,Other,Sociology,CUDorm,BiEnglish,Mandarin,,Hwa Chong Institution,Singapore,Singapore,0,1,0,0,0,0,0,0,,0,,0,Minority,Asian,Inter,Inter,Inter
104,1,1,1,1,0,0,1,6,9,1,1,6,4,4,4,4,4,3,1,3,4,4,2,1,5,5,5,5,5,5,5,5,5,1,1,1,,BC,2,F,7,,,"4,8",,,,McAC,,,,Amnesty International ,Other,Political Science,CUDorm,MonoEnglish,,,Mount Saint Dominic,Caldwell,NJ,0,0,0,0,0,1,0,0,,0,,0,White,White,NonInter,Singly,WhiteFemale
137,1,1,0,4,0,0,0,1,8,1,1,1,3,3,4,3,3,3,2,4,5,5,2,2,5,4,4,3,2,2,4,3,4,3,3,3,,GS,6,F,2,,,3,,,Sanctuary for Families ,,,,,,Psych,,CUHousing,NonNativeEnglish,,Cantonese,"Tibetan Children's Village, Gopalpur",Himachel Pradesh,India,0,1,0,0,0,0,0,0,,0,,0,Minority,Asian,Inter,Inter,Inter
52,1,1,4,5,0,0,3,2,2,1,1,8,4,4,4,4,4,3,3,2,4,4,3,1,5,3,4,5,2,3,3,3,1,4,4,2,,CC,2,F,2,,,"1,3",varsity,,,,,,,,Psych,,CUHousing,BiEnglish,Hindi,,Modern School Barakhamba Road ,New Delhi,India,0,1,0,0,0,0,0,0,,0,,0,Minority,Asian,Inter,Inter,Inter
128,1,1,0,0,0,0,0,1,1,2,1,1,4,4,4,4,4,4,2,3,5,5,3,4,3,2,3,3,2,2,1,5,4,1,1,3,,GS,14,F,1,,,9,,,,,,,,,Psych,,OutsideMH,NonNativeEnglish,,English ,Granite hills ,San diego,Calif,1,0,0,0,0,0,0,0,,0,,0,Minority,Native,Inter,Inter,Inter
32,1,1,3,4,1,2,3,3,8,1,5,9,4,4,4,3,4,3,2,4,5,5,1,1,5,5,2,5,3,2,5,2,5,3,2,2,,BC,2,F,"10,7",,Ethnicity: Russian Jewish ,"3,8",,,Peer Health Exchange,,,,,Marching Band,Other,Neuroscience ,CUDorm,BiEnglish,Russian ,,Ward Melville Senior High School,East Setauket,New York,0,0,0,0,0,1,0,0,,0,Ethnicity: Russian Jewish ,0,White,White,NonInter,Singly,WhiteFemale
9,1,1,1,2,0,1,1,2,2,1,5,1,4,4,3,4,4,3,2,2,4,5,2,3,4,4,3,4,3,4,4,3,4,3,2,2,,CC,2,F,2,,,"5,8",,,,,,,,,Psych,,CUHousing,BiEnglish,Hindi,,Dhirubhai Ambani International School,Mumbai,"Maharashtra, India",0,1,0,0,0,0,0,0,,0,,0,Minority,Asian,Inter,Inter,Inter
23,1,1,0,2,0,0,2,1,6,1,1,6,2,3,3,3,3,2,2,3,5,5,1,1,5,5,3,4,1,3,4,3,5,4,2,4,,GS,8,M,7,,,5,,,,,Labs,,,,Psych,,OutsideMH,MonoEnglish,,,Berkeley Carroll,Brooklyn,NY,0,0,0,0,0,1,0,0,,0,,0,White,White,NonInter,None,None
82,1,1,0,2,0,0,2,1,1,1,1,1,3,3,3,1,2,3,1,2,4,4,2,2,4,3,5,3,2,3,4,3,3,3,2,4,,CC,4,M,2,,,9,,,,,,,,,Other,Mathematics,MornHeights,MonoEnglish,,,TISB,Bangalore,India,0,1,0,0,0,0,0,0,,0,,0,Minority,Asian,NonInter,Singly,MinorityMale
85,1,1,2,3,2,0,2,1,1,1,1,8,3,3,3,4,3,4,2,4,5,4,2,1,4,4,4,4,3,2,4,4,4,2,2,3,,CC,3,F,3,,,"3,6",,,Red Cross,,,Barnard Writing Collective,,,Psych,,CUDorm,MonoEnglish,,,J. R. Masterman Lanoratory and Demonstration School,Philadelphia,Pennsylvania,0,0,1,0,0,0,0,0,,0,,0,Minority,Black,Inter,Inter,Inter
134,1,1,2,1,0,0,1,2,5,1,1,5,4,3,2,3,3,4,3,3,4,5,2,3,5,4,4,4,3,3,4,5,3,3,2,2,,CC,2,F,2,,,"3,6,8",,,One-to-One Tutoring,,,Columbia University Wind Ensemble,,"Work in Office of Research Initiatives, Research assistant in Mobbs' FABB Lab",Other,Double major in psychology and economics,CUDorm,BiEnglish,Chinese,,James M. Bennett High School,Salisbury,MD,0,1,0,0,0,0,0,0,,0,,0,Minority,Asian,Inter,Inter,Inter
30,1,1,4,3,2,1,3,2,1,1,1,2,3,4,3,3,3,4,3,4,5,5,1,1,5,5,4,4,2,1,5,1,4,3,2,3,,BC,4,F,3,,,"3,4,5,7",,,,,,,,,Psych,,CUDorm,MonoEnglish,,,Myers Park High School,Charlotte,NC,0,0,1,0,0,0,0,0,,0,,0,Minority,Black,Inter,Inter,Inter
53,1,1,4,4,3,4,3,7,9,4,5,9,1,3,2,2,1,4,1,3,5,4,2,1,4,4,1,3,1,2,4,1,5,3,2,3,,CC,3,F,5,,,6,,,,,,Dance,,,Psych,,CUDorm,MonoEnglish,,,Mountain View High School,Mountain View,CA,0,0,0,0,1,0,0,0,,0,,0,Minority,MiddleEastern,Inter,Inter,Inter
6,1,1,0,2,0,0,0,1,8,1,1,1,3,4,4,4,3,4,3,3,5,5,1,1,5,4,3,4,2,2,4,3,4,2,2,3,,BC,3,F,5,,,"5,7,8",,,,,Psychological Society,,Turath Arab Association,Students Organize for Syria,Psych,,CUDorm,BiEnglish,Arabic,,Lyme Old Lyme High School,Old Lyme,CT,0,0,0,0,1,0,0,0,,0,,0,Minority,MiddleEastern,Inter,Inter,Inter
NA,1,1,3,4,3,2,4,7,7,9,5,2,4,4,4,4,4,4,4,4,5,4,2,1,4,4,5,4,4,2,3,3,4,1,1,2,,CC,2,F,3,,,"1,4,7,8",club volleyball,,,Residence hall leadership organization,,,African student association,NSOP Orientation Leader,Other,Neuroscience and Behavior,CUDorm,MonoEnglish,,,Archbishop Coleman Carroll,Miami,US,0,0,1,0,0,0,0,0,,0,,0,Minority,Black,Inter,Inter,Inter
116,1,1,2,2,4,2,0,9,2,9,5,1,2,3,3,1,1,2,2,3,5,5,1,1,5,3,3,3,1,1,4,3,3,1,1,4,,CC,5,F,"1,3",,,8,,,,,,,,Women of Color Support Group ,Psych,,CUDorm,MonoEnglish,,,Science High School ,Newark,New Jersey ,0,0,0,0,0,0,0,1,,0,,0,Minority,Multi,Inter,Inter,Inter
54,1,1,2,3,0,0,0,6,9,1,1,1,3,3,3,3,3,2,2,2,4,4,2,2,5,4,4,3,3,3,4,3,4,3,2,1,,CC,1,F,7,,,"3,5,6,7",,,"BuildOn, Tutoring",,Columbia Women's Business Society,Glee Club,"Hispanic Scholarship Fund, Symposium",,Other,Hispanic Studies,CUDorm,MonoEnglish,,,Conestoga High School,Berwyn,N/A,0,0,0,0,0,1,0,0,,0,,0,White,White,NonInter,Singly,WhiteFemale
114,1,1,3,3,0,0,2,1,1,1,1,9,3,3,3,4,3,4,4,4,4,4,3,2,4,3,5,3,4,2,5,4,3,3,2,2,,BC,4,F,7,,,"3,7",,,Best Buddies,,,,Hillel,,Psych,,CUDorm,MonoEnglish,,,Weinbaum Yeshiva High School,Boca Raton,Florida,0,0,0,0,0,1,0,0,,0,,0,White,White,NonInter,Singly,WhiteFemale
138,1,1,3,3,2,2,2,5,1,1,1,1,4,4,4,4,4,4,4,4,5,5,4,1,5,5,4,5,2,3,4,4,4,3,2,2,,CC,4,F,"2,5,7",,,"3,5,6,7",,,,,,,,,Psych,,CUDorm,NonNativeEnglish,,turkish,Robert College,Istanbul,Turkey,0,0,0,0,0,0,0,0,,1,,0,Minority,Other,Inter,Inter,Inter
108,1,1,0,1,0,0,0,1,1,1,1,1,4,4,4,1,3,1,1,3,3,3,3,3,4,4,5,3,5,5,4,5,4,3,3,2,,CC,3,F,4,,,9,,,,,,,,,Psych,,CUDorm,BiEnglish,spanish,,Saint Thomas Aquinas High School,Ft. Lauderdale,FL,0,0,0,1,0,0,0,0,,0,,0,Minority,Latino,Inter,Inter,Inter
100,1,1,3,3,3,1,3,7,7,7,5,7,3,3,3,3,3,3,2,3,5,5,1,1,4,4,4,4,1,2,4,4,2,4,4,3,,CC,3,F,3,,,"3,5",,,"GlobeMed, Columbia Community Outreach",,Columbia Women's Business Society,,,,Psych,,CUDorm,MonoEnglish,,,Dalton School,New York,New York,0,0,1,0,0,0,0,0,,0,,0,Minority,Black,Inter,Inter,Inter
5,1,1,2,2,1,0,2,8,9,1,1,5,2,3,3,2,2,3,2,3,4,4,2,1,5,5,3,4,2,2,4,2,4,2,4,3,,BC,4,F,"4,7",,,"1,3,5",intramural,,,,,,,,Psych,,CUDorm,MonoEnglish,,,Pojoaque Valley High School,Santa Fe ,New Mexico,0,0,0,0,0,0,0,1,,0,,0,Minority,Multi,Inter,Inter,Inter
97,1,1,4,0,0,0,3,2,1,1,1,8,4,4,4,4,4,4,4,4,5,5,1,2,5,5,4,4,1,1,3,1,3,2,4,2,,CC,3,F,3,,,"3,7,8",,,NRHH Community Service Board,,,,Caribbean Students' Association,Community Health House; National Residence Hall Honorary,Psych,,CUDorm,MonoEnglish,,,Choate Rosemary Hall,Wallingford,Connecticut,0,0,1,0,0,0,0,0,,0,,0,Minority,Black,Inter,Inter,Inter
10010,1,1,4,3,2,1,2,7,9,9,9,7,3,4,3,3,4,3,3,3,4,4,3,3,5,5,5,5,5,5,5,4,5,4,4,3,,GS,12,M,2,,,3,,,,,,,,,Psych,,OutsideMH,BiEnglish,"Bengali, Hindi",,St. Xaviers College,Kolkata,India,0,1,0,0,0,0,0,0,,0,,0,Minority,Asian,NonInter,Singly,MinorityMale
62,1,1,2,2,1,1,2,1,1,1,1,6,3,3,3,3,3,4,2,3,4,4,1,1,5,5,4,5,3,3,4,3,3,3,3,2,,BC,2,F,2,,,"3,4",,,,,,,,,Other,Undeclared,CUDorm,MonoEnglish,,,Ridgewood High School,Ridgewood,New Jersey,0,1,0,0,0,0,0,0,,0,,0,Minority,Asian,Inter,Inter,Inter
64,1,1,1,2,1,0,2,8,8,1,1,1,3,3,3,3,3,3,2,3,4,5,3,2,4,4,3,3,3,3,4,4,3,2,3,2,,BC,2,F,2,,,"3,8",,,,,,,,,Other,Chemistry,CUDorm,BiEnglish,Cantonese Chinese,,Brooklyn Technical HS,Brooklyn,NY,0,1,0,0,0,0,0,0,,0,,0,Minority,Asian,Inter,Inter,Inter
96,1,1,2,1,0,0,0,9,2,1,1,1,3,2,2,2,3,3,2,3,4,4,3,2,4,4,4,4,2,2,4,3,4,2,2,2,,CC,3,F,2,,,"5,6",,,,,180 Degrees Consulting,Columbia Glee Club,,,Psych,,CUDorm,NonNativeEnglish,,Korean,Korean Minjok Leadership Academy,Gangwon,South Korea,0,1,0,0,0,0,0,0,,0,,0,Minority,Asian,Inter,Inter,Inter
33,1,1,2,4,1,0,4,9,9,1,1,9,4,4,4,4,4,4,4,4,5,4,1,1,4,5,3,3,3,2,4,3,3,2,2,4,,CC,5,M,9,"Hawaiian, Portuguese, Japanese, Puerto Rican",,"7,8",,,,,,,Malama Hawaii,Columbia E-Sports,Other,East Asian Studies,CUDorm,MonoEnglish,,,Kamehameha Schools Maui,Pukalani,Hawaii,0,0,0,0,0,0,0,1,"Hawaiian, Portuguese, Japanese, Puerto Rican",0,,0,Minority,Multi,NonInter,Singly,MinorityMale
3,1,1,4,4,1,3,3,7,9,1,7,9,4,4,4,4,4,4,4,4,5,4,2,1,4,5,3,3,3,2,4,3,3,2,2,2,,CC,2,F,9,"Native Hawaiian, Japanese, Filipino, Chinese",,"1,7,8",Aikido,,,,,,"M?lama Hawai__i Club, Multicultural Recruitment Committee, Columbia Mentoring Initiative (Indigenous Family Tree)","Alma Mater Ambassador Program, Columbia eSports Club, Undergraduate Admissions Office Student Interviewer Program",Other,Sustainable Development and Psychology,CUDorm,BiEnglish,Hawaiian Pidgin English / Hawaiian Creole English,,Kamehameha Schools Maui,Pukalani,Hawaii,0,0,0,0,0,0,0,1,"Native Hawaiian, Japanese, Filipino, Chinese",0,,0,Minority,Multi,Inter,Inter,Inter
25,1,1,2,2,0,2,2,7,9,1,7,7,3,4,4,4,3,2,3,4,5,5,2,1,4,4,4,4,2,2,3,5,4,2,2,2,,BC,2,F,7,,,"1,2,3,7",Taekwondo (club),Delta Gamma,Nightline,,,,Hellas (Greek culture),,Other,Biochemistry,CUDorm,MonoEnglish,,,Montville Township High School,Montville,NJ,0,0,0,0,0,1,0,0,,0,,0,White,White,NonInter,Singly,WhiteFemale
117,1,1,1,3,0,0,0,1,9,1,1,1,4,4,4,4,4,3,3,4,5,5,2,3,5,5,5,5,3,2,5,5,5,5,4,1,,CC,1,M,2,,,5,,,,,,,,,Other,Financial Economics,CUDorm,BiEnglish,Chinese,,St. Mark's School of Texas,Dallas,TX,0,1,0,0,0,0,0,0,,0,,0,Minority,Asian,NonInter,Singly,MinorityMale
119,1,1,0,0,0,0,0,1,1,1,1,1,3,2,2,4,3,4,4,2,5,3,5,3,4,5,3,2,5,5,4,5,3,3,3,3,,BC,4,F,2,,,7,,,,,,,,,Other,Mathematics and Statistics,CUDorm,NonNativeEnglish,,Mandarin,The Experimental High School attached to Beijing Normal University,Beijing,China,0,1,0,0,0,0,0,0,,0,,0,Minority,Asian,Inter,Inter,Inter
39,1,1,4,5,0,0,4,9,9,1,1,9,2,3,3,2,2,2,2,2,4,4,1,1,4,4,4,3,2,2,4,3,4,2,2,1,,BC,2,F,7,,,"3,6",,,,,,Barnard Bulletin ,,,Psych,,CUDorm,MonoEnglish,,,Mary Institute and Saint Louis Country Day School,Saint Louis,Missouri,0,0,0,0,0,1,0,0,,0,,0,White,White,NonInter,Singly,WhiteFemale
142,1,1,0,0,0,0,2,1,1,1,1,7,4,4,4,4,4,4,4,4,4,4,4,4,3,3,3,3,3,3,3,3,3,1,1,2,,BC,3,F,7,,,"3,5",,,,,,,,,Psych,,CUDorm,MonoEnglish,,,Stella K. Abraham High School for Girls,Hewlett ,New York,0,0,0,0,0,1,0,0,,0,,0,White,White,NonInter,Singly,WhiteFemale
112,1,1,1,0,0,0,0,5,1,1,1,1,3,4,3,3,3,4,4,3,5,5,2,1,4,4,4,3,4,2,4,2,4,2,1,3,,BC,4,F,"10,7",,Jewish,"3,6",,,,,,Pizmon,,,Other,Environmental Science,CUDorm,MonoEnglish,,,Winston Churchill High School,Potomac,MD,0,0,0,0,0,1,0,0,,0,Jewish,0,White,White,NonInter,Singly,WhiteFemale
13,1,1,1,1,0,0,2,1,1,1,1,9,4,4,4,4,4,2,3,4,5,5,3,2,5,5,5,5,2,2,4,5,5,3,3,2,,BC,3,F,7,,,"3,5,7,8",,,,,,,,,Psych,,CUDorm,MonoEnglish,,,The Frisch School,Paramus,New Jersey,0,0,0,0,0,1,0,0,,0,,0,White,White,NonInter,Singly,WhiteFemale
49,1,1,0,0,0,0,2,1,1,1,1,9,3,3,3,3,3,2,2,3,4,2,2,1,4,4,4,3,4,2,4,4,2,3,1,4,,GS,24,M,7,,,5,,,,,"OHDCC, CUCC",,,,Psych,,OutsideMH,MonoEnglish,,,Deep creek HS,Chesapeake,VA,0,0,0,0,0,1,0,0,,0,,0,White,White,NonInter,None,None
120,1,1,4,3,1,2,2,9,9,9,9,9,4,4,4,4,3,1,2,3,5,4,4,3,4,4,5,4,4,3,4,5,4,3,1,4,,GS,14,M,7,,,8,,,,,,,,assorted burke library discussions and activities,Psych,,CUHousing,MonoEnglish,,,H.H. Dow High,Midland,MI,0,0,0,0,0,1,0,0,,0,,0,White,White,NonInter,None,None
115,1,1,2,2,0,0,1,5,7,1,1,5,4,4,4,4,4,4,4,4,5,5,2,2,5,5,4,4,1,2,5,1,4,2,2,3,,BC,3,F,"10,7",,Jewish,"3,6,7",,,Peace by Peace,,,Shakespeare Troupe ,Hillel,,Other,History,CUDorm,MonoEnglish,,,Stuyvesant High School,New York City,NY,0,0,0,0,0,1,0,0,,0,Jewish,0,White,White,NonInter,Singly,WhiteFemale
51,1,1,2,3,1,0,3,9,7,9,1,8,4,4,3,3,3,4,3,3,5,5,1,2,5,4,3,3,1,2,3,2,3,3,3,3,,BC,3,F,2,,,"5,7",,,,,,,,,Other,Economics,CUDorm,BiEnglish,Bengali,,Bronx High School of Science,Bronx,New York,0,1,0,0,0,0,0,0,,0,,0,Minority,Asian,Inter,Inter,Inter
69,1,1,1,3,0,0,1,7,1,1,1,9,3,3,3,3,3,3,2,2,5,5,1,1,5,5,5,4,3,3,4,3,3,3,2,3,,GS,6,F,7,,,3,,,"Active Minds, GS Health & Wellness Coalition",,,,,,Psych,,CUHousing,MonoEnglish,,,N/A- GED,New York,NY,0,0,0,0,0,1,0,0,,0,,0,White,White,NonInter,Singly,WhiteFemale
34,1,1,3,1,0,3,2,5,9,1,5,7,4,4,4,3,4,3,3,3,4,4,2,3,5,5,4,4,4,4,3,4,3,3,3,3,,CC,3,F,7,,,"1,2,3",Both Varsity (Rowing) and Club Sports (Triathlon),,Read Ahead; HEART,,,,,,Psych,,CUDorm,MonoEnglish,,,Pine Creek High School,Colorado Springs,CO,0,0,0,0,0,1,0,0,,0,,0,White,White,NonInter,Singly,WhiteFemale
59,1,1,0,1,0,0,0,1,9,1,1,1,2,3,3,2,2,2,2,2,5,4,2,1,4,4,4,3,3,2,4,3,4,3,3,3,,CC,4,F,7,,,8,,,,,,,,"Separate from school, I teach figure skating (about twice a week in New Jersey). I also do some tutoring work on the side.",Other,2 concentrations: Education and Psychology,MornHeights,MonoEnglish,,,Professional Children's School,New York,New York,0,0,0,0,0,1,0,0,,0,,0,White,White,NonInter,Singly,WhiteFemale
102,1,1,1,2,0,0,0,2,2,1,1,1,2,3,3,3,3,3,2,2,4,4,2,1,4,4,4,4,2,3,4,3,4,3,3,1,,BC,2,F,4,,,"5,6",,,,,Columbia Spectator,"Bachanal Committee, The Varsity Show",,,Other,Undecided,CUDorm,BiEnglish,Spanish,,Elizabeth High School,Elizabeth,New Jersey,0,0,0,1,0,0,0,0,,0,,0,Minority,Latino,Inter,Inter,Inter
87,1,1,2,2,0,0,0,9,1,1,1,1,3,3,4,3,3,2,2,3,3,4,2,3,4,3,3,2,3,3,4,3,2,2,4,3,,BC,3,F,2,,,"1,8",Intramural,,,,,,,,Other,Economics and Psychology double major,CUDorm,MonoEnglish,,,Staten Island Technical High School,Staten Island,New York,0,1,0,0,0,0,0,0,,0,,0,Minority,Asian,Inter,Inter,Inter
36,1,1,3,4,0,0,0,9,9,1,1,1,4,2,3,2,2,2,2,2,4,4,3,4,4,4,4,4,4,4,4,4,4,4,4,1,,BC,1,F,"2,7,9","Half French, Half Chinese",,5,,,,,,,,,Other,Neuroscience,CUDorm,MonoEnglish,,,Marin Academy,San Rafael,California,0,0,0,0,0,0,0,1,"Half French, Half Chinese",0,,0,Minority,Multi,Inter,Inter,Inter
38,1,1,1,2,0,0,0,5,6,1,1,1,3,4,4,3,3,4,2,4,5,5,1,1,5,5,5,5,4,3,5,4,5,4,4,1,,BC,2,F,2,,,"4,6,7,8",,,,McAC,,Orchesis,"CCSC, AAA",Part time job,Other,Neuroscience,CUDorm,BiEnglish,Indonesian,,High School for the Performing and Visual Arts,Houston,Texas,0,1,0,0,0,0,0,0,,0,,0,Minority,Asian,Inter,Inter,Inter
48,1,1,1,1,0,0,0,2,2,1,1,1,3,3,3,2,3,3,1,3,5,5,2,1,4,4,4,3,3,4,4,4,4,2,1,3,,CC,3,F,2,,,"2,3,5,6",,Kappa Alpha Theta,Peer Health Exchange,,Uber,Culinarian Magazine,,,Psych,,CUDorm,BiEnglish,Mandarin,,Stuyvesant High School,New York,New York,0,1,0,0,0,0,0,0,,0,,0,Minority,Asian,Inter,Inter,Inter
20,1,1,2,2,0,0,2,5,5,1,1,5,2,3,3,3,2,2,3,3,4,5,1,2,5,3,2,4,1,1,5,2,4,2,2,2,,BC,2,F,2,,,7,,,,,,,Martial arts ,,Psych,,CUDorm,MonoEnglish,,,Issaquah high school,Issaquah,Washington ,0,1,0,0,0,0,0,0,,0,,0,Minority,Asian,Inter,Inter,Inter
75,1,1,3,3,0,2,4,7,8,1,9,8,3,3,4,2,3,4,2,3,4,3,3,2,5,5,5,5,4,5,5,5,5,5,5,3,,CC,3,F,"1,4,6,7",,,"7,8",,,,,,,East Coast Chicanx Student Forum,Lunar Gala Fashion Show (CSC),Other,Anthropology,CUDorm,BiEnglish,Hawaiian,,Kapa'a High School,Kapa'a,Hawai'i,0,0,0,0,0,0,0,1,,0,,0,Minority,Multi,Inter,Inter,Inter
136,1,1,0,0,0,0,0,1,1,1,1,1,4,4,4,4,4,4,1,4,1,1,1,1,5,5,5,5,5,3,5,3,5,3,3,3,,CC,5,F,2,,,4,,,,,,,,,Psych,,CUDorm,NonNativeEnglish,,Chinese,Hangzhou Foreign Language School,Hangzhou ,China,0,1,0,0,0,0,0,0,,0,,0,Minority,Asian,Inter,Inter,Inter
72,1,1,2,1,0,2,0,3,2,1,3,1,4,4,4,4,4,4,4,4,3,3,3,3,4,4,3,3,4,3,3,3,3,4,4,4,,CC,5,M,7,,,8,,,,,,,,Hillel,Other,Computer Science,CUDorm,MonoEnglish,,,Joseph Kushner Hebrew Academy,Livingston,NJ,0,0,0,0,0,1,0,0,,0,,0,White,White,NonInter,None,None
90,1,1,4,4,1,1,2,2,2,9,5,2,3,4,4,2,4,4,2,3,5,5,3,2,4,4,5,4,3,4,4,5,5,4,4,4,,GS,7,F,3,,,"1,3,4,7",Rugby,,Community Impact TASC Program,GSSC,,,Students of Color Alliance at General Studies,,Psych,,OutsideMH,MonoEnglish,,,Crowley High School,Crowley,TX,0,0,1,0,0,0,0,0,,0,,0,Minority,Black,Inter,Inter,Inter
81,1,1,2,2,0,0,2,9,8,1,1,8,4,4,4,4,4,2,2,3,5,5,1,1,4,2,2,4,2,2,4,2,4,2,2,2,,CC,3,F,7,,,"1,2",Varsity Softball,Gamma Phi Beta,,,,,,,Psych,,CUDorm,MonoEnglish,,,Presentation High School,San Jose,CA,0,0,0,0,0,1,0,0,,0,,0,White,White,NonInter,Singly,WhiteFemale
143,1,1,3,2,1,3,2,5,5,1,5,5,3,2,2,2,3,2,2,2,5,5,1,1,4,3,4,4,2,2,4,2,4,2,2,3,,CC,4,F,7,,,"3,7,8",,,,,,,,,Psych,,CUDorm,MonoEnglish,,,Ashland High School,Ashland,OR,0,0,0,0,0,1,0,0,,0,,0,White,White,NonInter,Singly,WhiteFemale
74,1,1,2,2,2,1,2,2,7,9,5,7,3,3,4,4,3,3,3,4,5,5,2,2,5,4,4,5,3,3,5,3,4,4,3,2,,CC,2,F,2,,,"3,7",,,,,,,,,Psych,,CUDorm,BiEnglish,Mandarin,,Taipei American School,Taipei,Taiwan,0,1,0,0,0,0,0,0,,0,,0,Minority,Asian,Inter,Inter,Inter
139,1,1,3,3,1,1,1,5,9,6,1,1,3,3,3,3,3,4,4,3,4,5,2,3,4,5,4,4,2,4,4,5,4,4,3,1,,BC,1,F,2,,,"2,3,4,5,6,8",,,,,,,,,Psych,,CUDorm,BiEnglish,Korean,,Pascack Valley High School,Hillsdale,NJ,0,1,0,0,0,0,0,0,,0,,0,Minority,Asian,Inter,Inter,Inter
46,1,1,4,5,2,1,0,5,7,9,5,1,1,1,1,1,2,4,2,1,5,5,2,1,5,3,5,4,2,2,4,2,2,4,4,4,,CC,4,F,7,,,"1,3","Club Sports- Kayaking, Rock Climbing",,"Global Brigades, Health Leads",,,,,,Other,Neuroscience,CUDorm,MonoEnglish,,,Henry Clay,Lexington,Kentucky,0,0,0,0,0,1,0,0,,0,,0,White,White,NonInter,Singly,WhiteFemale
100,1,1,3,3,2,3,2,7,7,7,5,7,3,3,3,3,3,3,2,3,4,4,1,1,4,4,2,4,2,2,4,4,2,4,2,3,,CC,3,F,3,,,"3,5",,,"GlobeMed, Columbia Community Outreach",,Columbia Women's Business Society,,,,Psych,,CUDorm,MonoEnglish,,,Dalton School,New York,New York,0,0,1,0,0,0,0,0,,0,,0,Minority,Black,Inter,Inter,Inter
130,1,1,3,2,0,0,2,7,6,1,1,7,2,3,3,2,2,3,2,2,4,4,2,1,4,4,4,3,2,3,2,1,4,2,1,3,,GS,8,F,7,,,9,,,,,,,,,Other,and Business Management,OutsideMH,MonoEnglish,,,Horace Greeley ,Chappaqua,NY,0,0,0,0,0,1,0,0,,0,,0,White,White,NonInter,Singly,WhiteFemale
12,1,1,3,4,1,1,1,2,2,1,2,9,4,4,4,3,3,2,3,4,5,5,2,2,5,4,5,3,3,4,4,5,3,4,3,1,,BC,1,F,3,,,"1,8,9",Ballet,,,,,,,Bacchnal,Psych,,CUDorm,MonoEnglish,,,St. Anthony's High School,South Huntington,New York,0,0,1,0,0,0,0,0,,0,,0,Minority,Black,Inter,Inter,Inter
123,1,1,3,3,2,1,1,5,5,5,5,5,3,3,3,2,3,4,3,3,5,5,1,1,5,5,1,5,1,1,5,1,5,2,2,2,,CC,2,F,2,,,"1,7",Varsity,,,,,,"Under1Roof, ICBI, ROOTEd, SOCLR",,Other,Neuroscience & Behavior and Anthropology,CUDorm,MonoEnglish,,,Ridge High School,Basking Ridge,New Jersey,0,1,0,0,0,0,0,0,,0,,0,Minority,Asian,Inter,Inter,Inter
77,1,1,1,1,0,0,2,9,9,1,1,9,4,4,4,4,4,3,2,3,4,4,2,2,4,4,5,5,3,2,5,5,5,4,3,3,,CC,3,F,2,,,"3,5",,,"Girls Who Code, Nightline",,Women in Computer Science,,,,Other,"Computer Science, Neuroscience",CUDorm,BiEnglish,"Chinese, Shanghainese",,Lincoln High School,Stockton,CA,0,1,0,0,0,0,0,0,,0,,0,Minority,Asian,Inter,Inter,Inter
60,1,1,2,3,1,1,1,9,8,9,9,8,2,3,3,3,3,2,3,3,4,4,2,2,4,4,4,4,2,2,4,2,4,4,3,4,,CC,4,M,2,,,"1,3,5,7",,,,,,,,,Other,Neuroscience ,CUDorm,MonoEnglish,,,Montgomery Blair High School,Silver Spring,MD,0,1,0,0,0,0,0,0,,0,,0,Minority,Asian,NonInter,Singly,MinorityMale
141,1,1,1,2,0,0,0,3,5,1,1,1,3,3,3,3,3,3,2,3,5,5,1,1,5,5,2,5,2,1,5,2,5,2,1,3,,BC,4,F,7,,,"3,5,8",,,Columbia Youth Adventurers ,,Charles Drew,,,Rock Climbing,Other,Neuroscience,CUDorm,BiEnglish,Russian,,Montclair High School,Montclair,NJ,0,0,0,0,0,1,0,0,,0,,0,White,White,NonInter,Singly,WhiteFemale
88,1,1,0,4,0,0,0,1,8,1,1,1,4,4,4,4,4,4,4,4,5,5,1,5,5,5,5,5,2,4,2,2,3,2,2,1,,BC,1,F,2,,,"3,4,5",,,PHE,SGA,Pre-Med Society,,,,Other,Neuro/Psych with Premed,CUDorm,BiEnglish,Hindi,,Friends Academy,Locust Valley,New York,0,1,0,0,0,0,0,0,,0,,0,Minority,Asian,Inter,Inter,Inter
79,1,1,1,2,1,0,3,1,7,1,1,8,4,4,4,4,4,4,2,4,5,4,1,2,5,5,4,4,4,3,4,5,2,4,4,2,,CC,3,M,"2,6",,,1,wrestling,,,,,,,,Psych,,CUDorm,MonoEnglish,,,james logan,Union City,California,0,1,0,0,0,0,0,0,,0,,0,Minority,Asian,NonInter,Singly,MinorityMale
113,1,1,2,2,0,0,1,2,2,1,1,2,3,4,4,3,3,4,3,3,5,5,1,2,5,5,4,4,2,3,4,2,4,4,4,2,,SEAS,2,M,3,,,"5,7",,,,,,,,,Other,Computer Science,CUDorm,MonoEnglish,,,Bowling Green High School,Bowling Green,KY,0,0,1,0,0,0,0,0,,0,,0,Minority,Black,NonInter,Singly,MinorityMale
63,1,1,2,2,0,2,1,5,2,1,5,9,4,4,4,3,3,3,3,3,5,5,1,1,5,4,5,3,4,5,3,4,3,3,3,4,,CC,5,F,2,,,"3,7",,,Columbia Community Impact,,,,Taiwanese American Students Association,,Other,Sociology,CUDorm,MonoEnglish,,,Alexander W. Dreyfoos School of the Arts,West Palm Beach,Florida,0,1,0,0,0,0,0,0,,0,,0,Minority,Asian,Inter,Inter,Inter
22,1,1,0,2,0,0,2,1,5,1,1,8,3,4,3,3,3,2,3,3,3,4,3,3,4,4,4,3,4,3,4,4,3,3,2,4,,BC,4,F,7,,,"1,3",Intramural basketball ,,Laboratory,,,,,,Other,Biology,OutsideMH,BiEnglish,Romanian,,Bronx High School of Science,Bronx,New York,0,0,0,0,0,1,0,0,,0,,0,White,White,NonInter,Singly,WhiteFemale
10025,1,1,4,5,4,0,4,8,7,7,2,8,3,3,4,4,4,4,3,4,3,4,2,2,4,4,4,4,4,4,4,4,4,3,2,2,,BC,2,F,"2,7",,,"1,3,5,8",intramural ,,,,,,,,Other,biology,CUDorm,MonoEnglish,,,St. Joseph Hill,Staten Island,NY,0,0,0,0,0,0,0,1,,0,,0,Minority,Multi,Inter,Inter,Inter
110,1,1,3,4,1,2,3,9,9,1,1,9,3,4,4,4,3,2,2,4,5,5,3,3,5,3,4,3,4,4,3,3,3,4,2,2,,CC,3,F,7,,,"2,3",,,,,,,,,Psych,,MornHeights,BiEnglish,German,,Middlesex School,Concord,MA,0,0,0,0,0,1,0,0,,0,,0,White,White,NonInter,Singly,WhiteFemale
125,1,1,0,2,1,0,2,1,1,9,1,9,4,4,4,3,3,3,3,3,4,3,3,3,4,4,5,5,5,5,5,4,4,5,5,3,,CC,3,M,9,White & Native American,,"4,5,7",,,,,,,,,Other,Political Science,CUDorm,MonoEnglish,,,Dubiski Career High School,Grand Prairie,TX,0,0,0,0,0,0,0,1,White & Native American,0,,0,Minority,Multi,NonInter,Singly,MinorityMale
78,1,1,1,1,1,0,0,5,9,7,1,1,3,3,3,3,3,4,4,3,5,5,2,1,4,5,4,4,4,4,4,5,4,2,2,2,,CC,3,F,7,,,1,"Varsity crew, club equestrian team",,,,,,,,Other,Economics,CUDorm,MonoEnglish,,,Shaker Heights High School,Shaker Heights,Ohio,0,0,0,0,0,1,0,0,,0,,0,White,White,NonInter,Singly,WhiteFemale
37,1,1,1,1,0,0,0,1,1,1,1,1,4,4,4,4,4,2,2,3,5,3,3,2,4,4,5,4,3,2,4,2,4,4,3,3,,GS,7,M,2,,,8,,,,,,,,CORE,Psych,,CUHousing,BiEnglish,"Cantonese, Mandarin",,St. Joseph's College,Hong Kong,"Hong Kong, China",0,1,0,0,0,0,0,0,,0,,0,Minority,Asian,NonInter,Singly,MinorityMale
131,1,1,1,1,1,0,1,1,1,1,1,1,3,3,3,3,3,2,2,3,5,5,2,1,4,4,3,3,3,2,2,3,3,3,3,3,,CC,3,F,"2,7",,,"1,2,5,8",Columbia Triathlon Club,Alpha Omicron Pi,,,Columbia Women's Business Society,,,Columbia Bartending Agency,Other,Economics-Political Science,CUDorm,MonoEnglish,,,San Marino High School,San Marino,California,0,0,0,0,0,0,0,1,,0,,0,Minority,Multi,Inter,Inter,Inter
122,1,1,0,0,0,0,0,1,1,1,1,1,3,3,3,3,3,2,2,2,5,4,1,1,5,3,3,3,3,3,4,4,3,4,4,4,,BC,5,F,7,,,9,,,,,,,,,Psych,,CUDorm,NonNativeEnglish,,,N/A,N/A,N/A,0,0,0,0,0,1,0,0,,0,,0,White,White,NonInter,Singly,WhiteFemale
118,1,1,5,4,0,0,3,1,7,1,1,1,3,3,3,3,3,3,3,3,4,4,3,2,4,4,4,4,4,4,4,4,4,2,1,3,,BC,3,F,2,,,3,,,Research Assistant,,,,,,Psych,,CUDorm,BiEnglish,Bangla,,Bronx High School of Science,New York,NY,0,1,0,0,0,0,0,0,,0,,0,Minority,Asian,Inter,Inter,Inter
66,1,1,1,2,0,0,0,7,7,1,1,1,2,3,3,3,2,2,1,2,4,3,4,3,2,5,4,2,4,3,2,5,3,4,1,4,,GS,4,F,2,,,"1,6,7",intramural soccer,,,,,Vivace Chamber Singers,GR,,Psych,,MornHeights,BiEnglish,Cantonese,,Chinese International School,Hong Kong,Hong Kong,0,1,0,0,0,0,0,0,,0,,0,Minority,Asian,Inter,Inter,Inter
99,1,1,1,1,1,0,2,1,1,1,1,1,4,2,3,2,4,4,1,3,5,5,2,1,5,5,4,3,2,2,4,3,5,3,2,3,,GS,5,F,"10,7",,white/ European ,9,,,,,,,,,Psych,,MornHeights,NonNativeEnglish,,italian/spanish,Liceo E Fermi ,Madrid,Spain,0,0,0,0,0,1,0,0,,0,white/ European ,0,White,White,NonInter,Singly,WhiteFemale
133,1,1,2,3,0,2,2,2,9,1,5,6,4,4,4,3,3,4,3,4,5,5,1,1,5,5,4,4,2,4,5,3,5,4,2,3,,CC,3,F,3,,,"1,3,7",Varsity,,College Mentors for Kids,,,,Black Student Organization,,Psych,,CUDorm,BiEnglish,Italian,,Thomas A. Edison,Alexandria,Virginia,0,0,1,0,0,0,0,0,,0,,0,Minority,Black,Inter,Inter,Inter
65,1,1,1,2,0,0,0,7,8,1,1,1,2,3,3,1,1,1,1,1,5,5,2,1,5,5,5,4,4,3,4,4,4,1,1,6,,GS,5,M,7,,,9,,,,,,,,,Other,"No major, school of professional studies",OutsideMH,MonoEnglish,,,Rye Country Day School,Rye,New York,0,0,0,0,0,1,0,0,,0,,0,White,White,NonInter,None,None
58,1,1,1,4,1,2,1,3,7,3,3,1,3,3,2,3,2,3,3,1,5,4,3,1,4,3,4,3,3,2,3,3,3,2,2,3,,CC,3,M,2,,,"2,4,7,8",,Alpha Kappa Psi,,Columbia College Student Council Finance Committee,,,"Organization of Pakistani Students, Muslim Students Association",Undergraduate Recruitment Committee,Other,Biochemistry,CUHousing,BiEnglish,Urdu,,Ransom Everglades School,Miami,Florida,0,1,0,0,0,0,0,0,,0,,0,Minority,Asian,NonInter,Singly,MinorityMale
103,1,1,3,4,0,0,2,7,2,1,1,5,4,4,4,4,4,3,4,3,5,4,3,1,5,3,5,4,4,3,3,3,4,2,2,4,,BC,5,F,"10,3",,Caribbean,7,,,,,,,The Caribbean Students Association,,Other,Physics,CUDorm,MonoEnglish,,,Immaculate Conception High School,Kingston,Jamaica,0,0,1,0,0,0,0,0,,0,Caribbean,0,Minority,Black,Inter,Inter,Inter
101,1,1,2,1,0,2,0,9,1,1,5,1,3,3,3,2,2,2,2,3,5,5,2,1,5,5,5,5,4,3,4,3,4,3,3,4,,CC,4,F,"1,3,7,9","White, Native American, Black",,8,,,,,,,,Research Assistant,Other,"Neuroscience and Behavior, Business Management",CUDorm,MonoEnglish,,,Breck School,Minneapolis,Minnesota,0,0,0,0,0,0,0,1,"White, Native American, Black",0,,0,Minority,Multi,Inter,Inter,Inter
95,1,1,2,2,2,0,1,5,5,5,5,5,3,3,3,3,3,3,3,3,5,5,5,5,5,5,5,5,3,5,3,5,5,3,4,3,,CC,3,F,2,,,"2,5,7",,,,,,,,,Other,Economics,CUDorm,MonoEnglish,,,Greenwich Academy,Greenwich,CT,0,1,0,0,0,0,0,0,,0,,0,Minority,Asian,Inter,Inter,Inter
16,1,1,0,1,0,0,1,1,9,1,1,8,4,4,4,3,4,2,2,3,5,4,2,1,5,3,2,4,1,2,5,3,5,2,2,3,,CC,3,M,7,,,"6,7,8",,,,,,"WKCR-FM, Louis Armstrong Jazz Performance Program, CU Raaga Indian Fusion Music Group, CU Records, Rare Candy Music Magazine",CU Raaga Indian Fusion Music Group,Assisting psychology research,Other,Psychology and Music,CUDorm,MonoEnglish,,,Nutley High School,Nutley,New Jersey,0,0,0,0,0,1,0,0,,0,,0,White,White,NonInter,None,None
68,1,1,3,5,1,1,4,5,5,1,1,5,3,3,3,2,3,2,1,4,5,5,1,1,5,5,5,5,2,1,5,4,4,2,1,4,,CC,3,F,7,,,8,,,,,,,,"T.A., Research",Other,Computer Science and Psychology,CUDorm,MonoEnglish,,,Ingraham High School,Seattle,Washington,0,0,0,0,0,1,0,0,,0,,0,White,White,NonInter,Singly,WhiteFemale
93,1,1,3,2,1,0,2,7,1,1,2,1,2,3,3,2,3,2,2,3,5,5,2,3,3,4,4,4,4,4,4,4,4,2,2,3,,CC,2,M,3,,,"1,8",Varsity Football,,,,,,,Religious,Other,Political Science,CUDorm,MonoEnglish,,,Bishop McNamara High School,"Forestville, Maryland",USA,0,0,1,0,0,0,0,0,,0,,0,Minority,Black,NonInter,Singly,MinorityMale
68,1,1,4,4,1,1,4,5,5,1,1,5,3,3,3,3,3,3,2,3,5,5,1,1,5,5,5,5,2,2,5,4,5,1,1,4,,CC,3,F,7,,,"5,8",,,,,Computer Science Research,,,T.A.,Other,Computer Science,CUDorm,MonoEnglish,,,n/a,Seattle,Washington,0,0,0,0,0,1,0,0,,0,,0,White,White,NonInter,Singly,WhiteFemale
121,1,1,2,3,0,2,3,8,8,1,5,8,3,3,3,1,3,4,1,3,5,5,1,1,5,4,4,3,2,2,3,2,5,2,2,3,,CC,3,F,2,,,"2,3,5,7",,,,,,,,,Psych,,CUDorm,BiEnglish,Bengali,,The Calhoun School,New York,New York,0,1,0,0,0,0,0,0,,0,,0,Minority,Asian,Inter,Inter,Inter
10026,1,1,0,2,0,0,0,1,9,1,1,1,3,3,3,3,3,2,2,3,4,5,1,2,4,4,3,4,3,3,4,4,4,3,3,4,,CC,5,M,2,,,"2,3,6",,Pi Delta Psi Fraternity,Columbia University Emergency Medical Services,,,Ferris Reel Film Society,,,Other,Environmental Biology,CUDorm,BiEnglish,Mandarin Chinese,,Livingston High School,Livingston,New Jersey,0,1,0,0,0,0,0,0,,0,,0,Minority,Asian,NonInter,Singly,MinorityMale
140,1,1,3,1,0,3,0,2,2,2,5,2,3,3,3,2,3,4,3,2,5,2,4,3,4,5,5,3,3,4,4,2,5,2,1,3,,CC,4,F,2,,,"1,2,3,5,7",Intramural,,,,,,,,Other,"Hispanic studies, poli sci, minor in psych",CUDorm,BiEnglish,Korean,,Loomis chaffee,Windsor,CT,0,1,0,0,0,0,0,0,,0,,0,Minority,Asian,Inter,Inter,Inter
41,1,1,1,2,0,1,0,5,5,1,9,1,3,3,3,3,3,4,2,3,4,5,2,2,5,4,3,4,2,2,3,3,4,3,3,2,,CC,2,F,2,,,1,Varsity Fencing,,,,,,,,Other,English w/ Concentration in Psychology,CUDorm,NonNativeEnglish,,Chinese (Mandarin),Dana Hills High School,Dana Point,California,0,1,0,0,0,0,0,0,,0,,0,Minority,Asian,Inter,Inter,Inter
83,1,1,0,2,0,0,0,1,8,1,1,1,4,4,4,4,4,2,3,4,5,5,2,1,5,4,3,3,2,2,3,3,3,3,2,2,,CC,2,M,4,,,"6,7",,,,,,Sabor: Columbia University's First Latino Dance Troupe,Columbia PorColombia,,Other,Neuroscience and Behavior,CUDorm,BiEnglish,Spanish,,Fairfield College Preparatory School,Fairfield,Connecticut,0,0,0,1,0,0,0,0,,0,,0,Minority,Latino,NonInter,Singly,MinorityMale
NA,1,1,5,5,2,4,4,7,7,7,7,7,2,2,2,2,2,3,1,3,4,4,4,3,4,4,5,4,5,4,4,5,4,2,1,4,,BC,5,F,2,,,6,,,,,,,,,Other,,CUDorm,BiEnglish,,,The  American School in Japan ,Tokyo,Japan,0,1,0,0,0,0,0,0,,0,,0,Minority,Asian,Inter,Inter,Inter
124,1,1,4,3,0,0,4,9,8,1,1,9,3,3,2,1,3,2,1,1,4,5,1,2,4,5,5,5,5,3,4,5,5,4,2,2,,CC,3,F,7,,,"1,3,8",Varsity,,,,,,,Columbia Faith and Action,Psych,,CUDorm,MonoEnglish,,,Clear Falls High School,League City,TX,0,0,0,0,0,1,0,0,,0,,0,White,White,NonInter,Singly,WhiteFemale
135,1,1,1,2,1,0,1,2,8,2,1,9,4,4,4,4,4,4,3,4,5,5,5,5,5,5,5,5,5,5,5,5,5,3,2,2,,CC,3,F,2,,,"3,5",,,,,,,,,Psych,,CUDorm,NonNativeEnglish,,Mandarin,Manhattan Center for Science and Math,New York,NY,0,1,0,0,0,0,0,0,,0,,0,Minority,Asian,Inter,Inter,Inter
4,1,1,2,3,2,4,0,5,5,7,7,1,3,4,4,2,3,3,3,2,5,5,3,3,5,5,5,4,4,3,4,4,4,2,2,2,,CC,3,F,7,,,"3,6",,,"Camp Kesem, Habitat for Humanity",,,Spectator,,,Psych,,CUDorm,BiEnglish,"French, German",,PCS,NY,NY,0,0,0,0,0,1,0,0,,0,,0,White,White,NonInter,Singly,WhiteFemale
70,1,1,2,2,1,1,2,7,7,9,7,8,3,2,3,3,4,4,4,3,5,4,2,2,4,5,3,4,2,2,5,2,5,3,2,1,,CC,2,F,2,,,"6,7",,,,,,Spectator design,KSA,,Other,Undeclared ,CUDorm,BiEnglish,Korean,,South High School,Torrance,CA,0,1,0,0,0,0,0,0,,0,,0,Minority,Asian,Inter,Inter,Inter
76,1,1,0,0,0,0,0,1,1,1,1,1,3,4,3,3,2,1,3,3,5,5,4,4,5,5,5,5,4,4,5,5,4,4,3,7,Visiting Student,CC,7,M,2,,,6,,,,,,Improv,,,Psych,,CUDorm,MonoEnglish,,,Anglo-Chinese School (Independent),Singapore,Singapore,0,1,0,0,0,0,0,0,,0,,0,Minority,Asian,NonInter,Singly,MinorityMale
126,1,1,0,2,0,0,0,1,6,1,1,1,3,3,4,3,2,3,2,3,3,3,2,1,3,5,3,3,3,2,5,2,5,1,1,3,,CC,3,F,2,,,1,intramural,,,,,,,,Other,International Studies,CUDorm,BiEnglish,Japanese,,Doshisha International,Kyoto City,Japan,0,1,0,0,0,0,0,0,,0,,0,Minority,Asian,Inter,Inter,Inter
14,1,1,1,0,0,2,0,2,1,1,5,1,3,3,3,4,4,4,3,4,5,5,1,1,5,5,3,4,2,1,4,1,4,2,1,4,,BC,4,F,3,,,"3,5,7,8",,,,,,,,,Psych,,CUDorm,MonoEnglish,,,Teaneck High School ,Teaneck,New Jersey,0,0,1,0,0,0,0,0,,0,,0,Minority,Black,Inter,Inter,Inter
111,1,1,0,0,0,0,0,1,1,1,1,1,2,3,3,1,2,1,1,2,4,4,2,1,4,4,4,3,2,3,4,2,4,4,2,3,,GS,3,F,"2,4,7,9","Filipino, Bolivian, White",,8,,,,,,,,Design for America,Other,Information Science,CUHousing,MonoEnglish,,,Menlo-Atherton High School,Atherton,CA,0,0,0,0,0,0,0,1,"Filipino, Bolivian, White",0,,0,Minority,Multi,Inter,Inter,Inter
105,1,1,2,2,2,1,2,9,9,9,9,9,3,3,3,3,2,2,4,3,4,4,2,2,4,4,3,4,4,2,4,3,2,4,4,2,,GS,3,M,"10,7",,Jewish,"2,6",,Alpha Epsilon Pi,,,,CU Jazz Ensemble,,,Other,Undecided ,MornHeights,MonoEnglish,,,St. Ignatius College Preparatory ,San Francisco,California,0,0,0,0,0,1,0,0,,0,Jewish,0,White,White,NonInter,None,None
35,1,1,2,5,1,1,3,2,2,1,1,2,2,3,3,3,2,3,3,2,4,4,3,2,4,4,4,4,3,3,3,3,4,4,3,3,,GS,10,F,4,,,"3,7",,,YFU,,,,Chicanx Caucus,,Other,NA,CUHousing,BiEnglish,Spanish,,Carson High School,Carson,California,0,0,0,1,0,0,0,0,,0,,0,Minority,Latino,Inter,Inter,Inter
24,1,1,0,2,0,0,2,1,9,1,1,2,4,3,4,3,2,2,1,2,5,5,1,1,4,3,2,4,4,1,4,4,2,1,1,7,Dual BA student (junior but 2nd semester at Columbia),GS,4,F,10,,Turkish,"3,5,8,9",,,Inwood Academic Tutoring,,Columbia Political Review,,,"Columbia Ballroom Dance Club, Research Assistant at Social Relations Lab",Psych,,CUHousing,NonNativeEnglish,,Turkish,Uskudar American Academy,Istanbul,Turkey,0,0,0,0,0,0,0,0,,1,Turkish,0,Minority,Other,Inter,Inter,Inter
31,1,1,2,3,1,0,0,2,9,7,5,1,4,3,4,3,4,4,1,1,4,4,4,3,4,4,5,4,2,2,3,2,2,5,1,3,,GS,6,M,7,,,1,Intramural,,,,,,,,Other,Political Science,CUHousing,NonNativeEnglish,,Swedish,Kungsholmens Gymnasium,Stockholm,Sweden,0,0,0,0,0,1,0,0,,0,,0,White,White,NonInter,None,None
80,1,1,2,3,2,1,3,6,9,9,7,7,3,4,4,3,2,2,1,3,5,5,2,2,4,5,4,3,3,2,3,2,3,4,4,3,,CC,3,F,4,,,"1,2,4,5,8",University Dance Team,Alpha Omicron Pi,,University Senate,NASPA Undergraduate Fellows Program ,,,Residential Life,Other,Sustainable Development & Business Management,CUDorm,MonoEnglish,,,Bronx High School of Science,Bronx,New York,0,0,0,1,0,0,0,0,,0,,0,Minority,Latino,Inter,Inter,Inter
17,1,1,3,3,0,3,3,5,5,5,5,5,1,3,2,3,3,4,2,2,3,3,4,4,4,4,4,4,4,4,4,4,4,3,3,3,,GS,3,F,5,,,9,,,,,,,,,Other,History,CUHousing,NonNativeEnglish,,French,Ecole Alsacienne,Paris,France,0,0,0,0,1,0,0,0,,0,,0,Minority,MiddleEastern,Inter,Inter,Inter
55,1,1,2,2,0,0,2,5,7,1,1,7,1,4,2,2,2,2,2,2,4,3,3,2,4,4,5,3,5,5,3,5,2,2,2,3,,GS,5,F,7,,,"4,5",,,,,,,,,Other,Political Science,CUHousing,NonNativeEnglish,,Norwegian,Skien VideregÕ‚ende Skole,Skien,Norway,0,0,0,0,0,1,0,0,,0,,0,White,White,NonInter,Singly,WhiteFemale
10010,1,1,1,4,1,0,2,9,7,9,1,7,3,3,3,3,3,3,3,3,5,4,3,4,5,5,5,5,4,5,4,4,5,4,4,3,,GS,12,M,2,,,3,,,,,,,,,Psych,,OutsideMH,BiEnglish,Bengali,,St. Xaviers College,Kolkata,India,0,1,0,0,0,0,0,0,,0,,0,Minority,Asian,NonInter,Singly,MinorityMale
89,1,1,5,4,0,0,3,9,9,1,1,9,3,4,4,3,2,1,3,3,2,2,5,2,2,2,4,3,4,4,3,4,2,2,2,3,,CC,3,M,7,,,"1,2,3,5",Varsity,,,,,,,,Other,Economics ,CUHousing,MonoEnglish,,,Freedom High School,South Riding,Virginia ,0,0,0,0,0,1,0,0,,0,,0,White,White,NonInter,None,None
56,1,1,2,2,1,0,2,1,1,1,1,1,3,3,3,3,3,2,3,3,5,5,2,1,4,3,3,4,4,4,4,5,3,3,3,2,,GS,7,M,5,,,9,,,,,,,,,Other,Economics,CUHousing,NonNativeEnglish,,Hebrew,Municipal High Scool,Tel Aviv,Israel,0,0,0,0,1,0,0,0,,0,,0,Minority,MiddleEastern,NonInter,Singly,MinorityMale
18,1,1,0,0,0,0,0,1,1,1,1,1,4,3,4,2,4,2,2,2,4,3,1,2,2,5,4,2,2,2,4,2,5,4,3,3,,GS,9,M,"3,7,9",African and Eastern European,,9,,,,,,,,,Other,Sociology or sustainable dev,OutsideMH,MonoEnglish,,,Bard High School Early College,New York,New York,0,0,0,0,0,0,0,1,African and Eastern European,0,,0,Minority,Multi,NonInter,Singly,MinorityMale
26,1,1,1,3,2,3,3,2,9,9,5,7,4,3,4,4,4,4,4,4,5,5,1,1,5,3,2,4,2,2,3,2,4,1,1,2,,CC,2,F,4,,,"7,9",,,,,,,,Job,Psych,,CUDorm,BiEnglish,Spanish,,Segerstrom High School,Santa Ana,California ,0,0,0,1,0,0,0,0,,0,,0,Minority,Latino,Inter,Inter,Inter
86,1,1,3,2,2,2,2,1,1,1,1,1,3,3,3,3,2,2,2,1,2,2,2,2,2,2,2,2,2,2,2,2,2,3,3,3,,BC,3,F,2,,,"2,4,9",,,,,,,,,Other,Econ,CUHousing,MonoEnglish,,,Syosset,Syosset,NY,0,1,0,0,0,0,0,0,,0,,0,Minority,Asian,Inter,Inter,Inter
1,1,1,2,3,4,1,3,9,7,8,7,9,3,3,3,2,2,2,2,2,5,4,2,1,4,2,2,4,1,3,4,3,4,3,3,3,,BC,3,F,7,,,"1,2,7",,,,,,,,,Psych,,CUDorm,MonoEnglish,,,Greenwich High School,Greenwich,CT - Connecticut,0,0,0,0,0,1,0,0,,0,,0,White,White,NonInter,Singly,WhiteFemale
8,1,1,2,5,0,0,3,2,2,1,1,2,4,4,4,4,4,4,3,4,5,5,2,1,5,5,5,5,2,5,5,5,4,2,1,4,,CC,4,F,4,,,"3,5",,,New York state Psychiatric Institute,,The Lang Youth Medical Program,,,,Psych,,CUDorm,BiEnglish,Spanish,,Riverdale Country School,NYC,NY,0,0,0,1,0,0,0,0,,0,,0,Minority,Latino,Inter,Inter,Inter
98,1,1,1,1,2,0,1,1,9,9,1,8,3,3,3,2,2,2,1,3,4,4,2,2,3,3,3,4,4,4,4,3,4,4,3,3,,CC,3,M,2,,,1,Tennis,,,,,,,,Other,Political Science,CUDorm,BiEnglish,"Dutch, Vietnamese",,Menlo School,Atherton,CA,0,1,0,0,0,0,0,0,,0,,0,Minority,Asian,NonInter,Singly,MinorityMale
109,1,1,2,2,0,0,2,1,1,1,1,1,3,3,3,3,3,3,3,3,4,4,4,4,4,4,4,4,4,4,4,4,4,3,2,3,,GS,8,M,2,,,9,,,,,,,,,Psych,,MornHeights,NonNativeEnglish,,Korean,Choate Rosemary Hall,Wallingford,CT,0,1,0,0,0,0,0,0,,0,,0,Minority,Asian,NonInter,Singly,MinorityMale
45,1,1,2,5,2,0,1,9,9,1,1,9,3,3,3,3,3,2,2,3,3,3,4,2,4,3,4,3,4,4,4,4,4,3,3,3,,CC,4,NA,8,,,1,Varsity Basketball ,,,,,,,,Psych,,CUHousing,MonoEnglish,,,Bishop O'Dowd,Oakland ,California ,0,0,0,0,0,0,1,0,,0,,0,Minority,NA,NA,NA,NA
10012,1,1,2,1,1,0,2,9,9,7,1,9,4,4,4,4,4,2,3,4,5,4,3,2,4,4,3,3,2,3,4,3,3,3,3,5,,CC,7,M,7,,,"1,2",Varsity Basketball,,,,,,,,Psych,,CUHousing,MonoEnglish,,,Millburn High School,Millburn,NJ,0,0,0,0,0,1,0,0,,0,,0,White,White,NonInter,None,None
NA,0,1,0,0,0,0,0,1,1,1,1,1,3,3,3,3,3,3,3,3,4,4,2,4,4,4,4,3,3,4,4,4,4,2,2,3,,CC,8,NA,2,,,9,,,,,,,,,Psych,,CUHousing,NonNativeEnglish,,,Choate Rosemary Hall,Wallingford,Connecticut,NA,NA,NA,NA,NA,NA,NA,NA,,NA,,NA,NA,NA,NA,NA,NA
NA,0,1,2,2,0,3,2,5,7,1,5,9,2,3,2,1,1,2,1,1,5,5,1,1,NA,NA,NA,NA,NA,NA,NA,NA,NA,NA,NA,NA,,,NA,NA,,,,,,,,,,,,,,,,,,,,,,NA,NA,NA,NA,NA,NA,NA,NA,,NA,,NA,NA,NA,NA,NA,NA
NA,0,1,1,2,1,0,1,2,2,2,1,2,3,3,4,4,3,4,3,4,5,5,1,1,NA,NA,NA,NA,NA,NA,NA,NA,NA,NA,NA,NA,,,NA,NA,,,,,,,,,,,,,,,,,,,,,,NA,NA,NA,NA,NA,NA,NA,NA,,NA,,NA,NA,NA,NA,NA,NA
NA,0,1,4,3,1,1,4,2,2,2,2,2,4,4,4,4,4,4,2,4,5,5,1,1,NA,NA,NA,NA,NA,NA,NA,NA,NA,NA,NA,NA,,,NA,NA,,,,,,,,,,,,,,,,,,,,,,NA,NA,NA,NA,NA,NA,NA,NA,,NA,,NA,NA,NA,NA,NA,NA
NA,0,1,1,2,0,0,1,8,8,1,1,8,4,4,4,4,4,3,3,3,4,4,3,3,NA,NA,NA,NA,NA,NA,NA,NA,NA,NA,NA,NA,,,NA,NA,,,,,,,,,,,,,,,,,,,,,,NA,NA,NA,NA,NA,NA,NA,NA,,NA,,NA,NA,NA,NA,NA,NA
NA,0,1,0,5,0,0,0,9,9,9,9,9,NA,NA,NA,NA,NA,NA,NA,NA,NA,NA,NA,NA,NA,NA,NA,NA,NA,NA,NA,NA,NA,NA,NA,NA,,,NA,NA,,,,,,,,,,,,,,,,,,,,,,NA,NA,NA,NA,NA,NA,NA,NA,,NA,,NA,NA,NA,NA,NA,NA
